annee,groupe,espece,code_boite,temperature_cible,semaine,type_mesure,valeur_brute,valeur,statut_cellule,couleur_cellule,fichier_source,feuille_source,ligne_source,colonne_source,valeur_est_addition,code_espece_local,code_souche,numero_souche_local,code_provenance,numero_boite_local
2025,Aurelia,Aurelia coerulea,ACA-FBA-1.01,,1,polypes,500,500,standard,,Suivi_2025.xlsx,Aurelia,11,6,False,ACA,ACA-FBA-1,1,FBA,01
2025,Aurelia,Aurelia coerulea,ACA-FBA-1.01,,2,polypes,500.0,500,standard,,Suivi_2025.xlsx,Aurelia,11,7,False,ACA,ACA-FBA-1,1,FBA,01
2025,Aurelia,Aurelia coerulea,ACA-FBA-1.01,,3,polypes,500.0,500,standard,,Suivi_2025.xlsx,Aurelia,11,8,False,ACA,ACA-FBA-1,1,FBA,01
2025,Aurelia,Aurelia coerulea,ACA-FBA-1.01,,4,polypes,500.0,500,standard,,Suivi_2025.xlsx,Aurelia,11,9,False,ACA,ACA-FBA-1,1,FBA,01
2025,Aurelia,Aurelia coerulea,ACA-FBA-1.01,,5,polypes,500.0,500,standard,,Suivi_2025.xlsx,Aurelia,11,10,False,ACA,ACA-FBA-1,1,FBA,01
2025,Aurelia,Aurelia coerulea,ACA-FBA-1.01,,6,polypes,500,500,standard,,Suivi_2025.xlsx,Aurelia,11,11,False,ACA,ACA-FBA-1,1,FBA,01
2025,Aurelia,Aurelia coerulea,ACA-FBA-1.01,,7,polypes,500.0,500,standard,,Suivi_2025.xlsx,Aurelia,11,12,False,ACA,ACA-FBA-1,1,FBA,01
2025,Aurelia,Aurelia coerulea,ACA-FBA-1.01,,8,polypes,500.0,500,standard,,Suivi_2025.xlsx,Aurelia,11,13,False,ACA,ACA-FBA-1,1,FBA,01
2025,Aurelia,Aurelia coerulea,ACA-FBA-1.01,,9,polypes,500.0,500,standard,,Suivi_2025.xlsx,Aurelia,11,14,False,ACA,ACA-FBA-1,1,FBA,01
2025,Aurelia,Aurelia coerulea,ACA-FBA-1.01,,10,polypes,500,500,standard,,Suivi_2025.xlsx,Aurelia,11,15,False,ACA,ACA-FBA-1,1,FBA,01
2025,Aurelia,Aurelia coerulea,ACA-FBA-1.01,,11,polypes,500.0,500,standard,,Suivi_2025.xlsx,Aurelia,11,16,False,ACA,ACA-FBA-1,1,FBA,01
2025,Aurelia,Aurelia coerulea,ACA-FBA-1.01,,12,polypes,500.0,500,standard,,Suivi_2025.xlsx,Aurelia,11,17,False,ACA,ACA-FBA-1,1,FBA,01
2025,Aurelia,Aurelia coerulea,ACA-FBA-1.01,,13,polypes,500.0,500,standard,,Suivi_2025.xlsx,Aurelia,11,18,False,ACA,ACA-FBA-1,1,FBA,01
2025,Aurelia,Aurelia coerulea,ACA-FBA-1.01,,14,polypes,500,500,standard,,Suivi_2025.xlsx,Aurelia,11,19,False,ACA,ACA-FBA-1,1,FBA,01
2025,Aurelia,Aurelia coerulea,ACA-FBA-1.01,,15,polypes,500.0,500,standard,,Suivi_2025.xlsx,Aurelia,11,20,False,ACA,ACA-FBA-1,1,FBA,01
2025,Aurelia,Aurelia coerulea,ACA-FBA-1.01,,16,polypes,500.0,500,standard,,Suivi_2025.xlsx,Aurelia,11,21,False,ACA,ACA-FBA-1,1,FBA,01
2025,Aurelia,Aurelia coerulea,ACA-FBA-1.01,,17,polypes,500.0,500,standard,,Suivi_2025.xlsx,Aurelia,11,22,False,ACA,ACA-FBA-1,1,FBA,01
2025,Aurelia,Aurelia coerulea,ACA-FBA-1.01,,18,polypes,500.0,500,standard,,Suivi_2025.xlsx,Aurelia,11,23,False,ACA,ACA-FBA-1,1,FBA,01
2025,Aurelia,Aurelia coerulea,ACA-FBA-1.01,,19,polypes,500,500,standard,,Suivi_2025.xlsx,Aurelia,11,24,False,ACA,ACA-FBA-1,1,FBA,01
2025,Aurelia,Aurelia coerulea,ACA-FBA-1.01,,20,polypes,500.0,500,standard,,Suivi_2025.xlsx,Aurelia,11,25,False,ACA,ACA-FBA-1,1,FBA,01
2025,Aurelia,Aurelia coerulea,ACA-FBA-1.01,,21,polypes,500.0,500,standard,,Suivi_2025.xlsx,Aurelia,11,26,False,ACA,ACA-FBA-1,1,FBA,01
2025,Aurelia,Aurelia coerulea,ACA-FBA-1.01,,22,polypes,500.0,500,standard,,Suivi_2025.xlsx,Aurelia,11,27,False,ACA,ACA-FBA-1,1,FBA,01
2025,Aurelia,Aurelia coerulea,ACA-FBA-1.01,,23,polypes,500,500,standard,,Suivi_2025.xlsx,Aurelia,11,28,False,ACA,ACA-FBA-1,1,FBA,01
2025,Aurelia,Aurelia coerulea,ACA-FBA-1.01,,24,polypes,500.0,500,standard,,Suivi_2025.xlsx,Aurelia,11,29,False,ACA,ACA-FBA-1,1,FBA,01
2025,Aurelia,Aurelia coerulea,ACA-FBA-1.01,,25,polypes,500.0,500,standard,,Suivi_2025.xlsx,Aurelia,11,30,False,ACA,ACA-FBA-1,1,FBA,01
2025,Aurelia,Aurelia coerulea,ACA-FBA-1.01,,26,polypes,500.0,500,standard,,Suivi_2025.xlsx,Aurelia,11,31,False,ACA,ACA-FBA-1,1,FBA,01
2025,Aurelia,Aurelia coerulea,ACA-FBA-1.01,,27,polypes,500,500,standard,,Suivi_2025.xlsx,Aurelia,11,32,False,ACA,ACA-FBA-1,1,FBA,01
2025,Aurelia,Aurelia coerulea,ACA-FBA-1.01,,28,polypes,500.0,500,standard,,Suivi_2025.xlsx,Aurelia,11,33,False,ACA,ACA-FBA-1,1,FBA,01
2025,Aurelia,Aurelia coerulea,ACA-FBA-1.01,,29,polypes,500.0,500,standard,,Suivi_2025.xlsx,Aurelia,11,34,False,ACA,ACA-FBA-1,1,FBA,01
2025,Aurelia,Aurelia coerulea,ACA-FBA-1.01,,30,polypes,500.0,500,standard,,Suivi_2025.xlsx,Aurelia,11,35,False,ACA,ACA-FBA-1,1,FBA,01
2025,Aurelia,Aurelia coerulea,ACA-FBA-1.01,,31,polypes,500.0,500,standard,,Suivi_2025.xlsx,Aurelia,11,36,False,ACA,ACA-FBA-1,1,FBA,01
2025,Aurelia,Aurelia coerulea,ACA-FBA-1.01,,32,polypes,500,500,standard,,Suivi_2025.xlsx,Aurelia,11,37,False,ACA,ACA-FBA-1,1,FBA,01
2025,Aurelia,Aurelia coerulea,ACA-FBA-1.01,,33,polypes,500.0,500,standard,,Suivi_2025.xlsx,Aurelia,11,38,False,ACA,ACA-FBA-1,1,FBA,01
2025,Aurelia,Aurelia coerulea,ACA-FBA-1.01,,34,polypes,500.0,500,standard,,Suivi_2025.xlsx,Aurelia,11,39,False,ACA,ACA-FBA-1,1,FBA,01
2025,Aurelia,Aurelia coerulea,ACA-FBA-1.01,,35,polypes,500.0,500,standard,,Suivi_2025.xlsx,Aurelia,11,40,False,ACA,ACA-FBA-1,1,FBA,01
2025,Aurelia,Aurelia coerulea,ACA-FBA-1.01,,36,polypes,500,500,standard,,Suivi_2025.xlsx,Aurelia,11,41,False,ACA,ACA-FBA-1,1,FBA,01
2025,Aurelia,Aurelia coerulea,ACA-FBA-1.01,,1,ephyrules,150,150,standard,,Suivi_2025.xlsx,Aurelia,12,6,False,ACA,ACA-FBA-1,1,FBA,01
2025,Aurelia,Aurelia coerulea,ACA-FBA-1.01,,2,ephyrules,50.0,50,standard,,Suivi_2025.xlsx,Aurelia,12,7,False,ACA,ACA-FBA-1,1,FBA,01
2025,Aurelia,Aurelia coerulea,ACA-FBA-1.01,,3,ephyrules,30.0,30,standard,,Suivi_2025.xlsx,Aurelia,12,8,False,ACA,ACA-FBA-1,1,FBA,01
2025,Aurelia,Aurelia coerulea,ACA-FBA-1.01,,4,ephyrules,30.0,30,standard,,Suivi_2025.xlsx,Aurelia,12,9,False,ACA,ACA-FBA-1,1,FBA,01
2025,Aurelia,Aurelia coerulea,ACA-FBA-1.01,,5,ephyrules,8.0,8,standard,,Suivi_2025.xlsx,Aurelia,12,10,False,ACA,ACA-FBA-1,1,FBA,01
2025,Aurelia,Aurelia coerulea,ACA-FBA-1.01,,6,ephyrules,10,10,standard,,Suivi_2025.xlsx,Aurelia,12,11,False,ACA,ACA-FBA-1,1,FBA,01
2025,Aurelia,Aurelia coerulea,ACA-FBA-1.01,,7,ephyrules,0.0,0,standard,,Suivi_2025.xlsx,Aurelia,12,12,False,ACA,ACA-FBA-1,1,FBA,01
2025,Aurelia,Aurelia coerulea,ACA-FBA-1.01,,8,ephyrules,0.0,0,standard,,Suivi_2025.xlsx,Aurelia,12,13,False,ACA,ACA-FBA-1,1,FBA,01
2025,Aurelia,Aurelia coerulea,ACA-FBA-1.01,,9,ephyrules,0.0,0,standard,,Suivi_2025.xlsx,Aurelia,12,14,False,ACA,ACA-FBA-1,1,FBA,01
2025,Aurelia,Aurelia coerulea,ACA-FBA-1.01,,10,ephyrules,0,0,standard,,Suivi_2025.xlsx,Aurelia,12,15,False,ACA,ACA-FBA-1,1,FBA,01
2025,Aurelia,Aurelia coerulea,ACA-FBA-1.01,,11,ephyrules,3.0,3,standard,,Suivi_2025.xlsx,Aurelia,12,16,False,ACA,ACA-FBA-1,1,FBA,01
2025,Aurelia,Aurelia coerulea,ACA-FBA-1.01,,12,ephyrules,10.0,10,standard,,Suivi_2025.xlsx,Aurelia,12,17,False,ACA,ACA-FBA-1,1,FBA,01
2025,Aurelia,Aurelia coerulea,ACA-FBA-1.01,,13,ephyrules,50.0,50,standard,,Suivi_2025.xlsx,Aurelia,12,18,False,ACA,ACA-FBA-1,1,FBA,01
2025,Aurelia,Aurelia coerulea,ACA-FBA-1.01,,14,ephyrules,100,100,standard,,Suivi_2025.xlsx,Aurelia,12,19,False,ACA,ACA-FBA-1,1,FBA,01
2025,Aurelia,Aurelia coerulea,ACA-FBA-1.01,,15,ephyrules,5.0,5,standard,,Suivi_2025.xlsx,Aurelia,12,20,False,ACA,ACA-FBA-1,1,FBA,01
2025,Aurelia,Aurelia coerulea,ACA-FBA-1.01,,16,ephyrules,15.0,15,standard,,Suivi_2025.xlsx,Aurelia,12,21,False,ACA,ACA-FBA-1,1,FBA,01
2025,Aurelia,Aurelia coerulea,ACA-FBA-1.01,,17,ephyrules,50.0,50,standard,,Suivi_2025.xlsx,Aurelia,12,22,False,ACA,ACA-FBA-1,1,FBA,01
2025,Aurelia,Aurelia coerulea,ACA-FBA-1.01,,18,ephyrules,50.0,50,standard,,Suivi_2025.xlsx,Aurelia,12,23,False,ACA,ACA-FBA-1,1,FBA,01
2025,Aurelia,Aurelia coerulea,ACA-FBA-1.01,,19,ephyrules,10,10,standard,,Suivi_2025.xlsx,Aurelia,12,24,False,ACA,ACA-FBA-1,1,FBA,01
2025,Aurelia,Aurelia coerulea,ACA-FBA-1.01,,20,ephyrules,300.0,300,standard,,Suivi_2025.xlsx,Aurelia,12,25,False,ACA,ACA-FBA-1,1,FBA,01
2025,Aurelia,Aurelia coerulea,ACA-FBA-1.01,,21,ephyrules,100.0,100,standard,,Suivi_2025.xlsx,Aurelia,12,26,False,ACA,ACA-FBA-1,1,FBA,01
2025,Aurelia,Aurelia coerulea,ACA-FBA-1.01,,22,ephyrules,0.0,0,standard,,Suivi_2025.xlsx,Aurelia,12,27,False,ACA,ACA-FBA-1,1,FBA,01
2025,Aurelia,Aurelia coerulea,ACA-FBA-1.01,,23,ephyrules,0,0,standard,,Suivi_2025.xlsx,Aurelia,12,28,False,ACA,ACA-FBA-1,1,FBA,01
2025,Aurelia,Aurelia coerulea,ACA-FBA-1.01,,24,ephyrules,0.0,0,standard,,Suivi_2025.xlsx,Aurelia,12,29,False,ACA,ACA-FBA-1,1,FBA,01
2025,Aurelia,Aurelia coerulea,ACA-FBA-1.01,,25,ephyrules,0.0,0,standard,,Suivi_2025.xlsx,Aurelia,12,30,False,ACA,ACA-FBA-1,1,FBA,01
2025,Aurelia,Aurelia coerulea,ACA-FBA-1.01,,26,ephyrules,0.0,0,standard,,Suivi_2025.xlsx,Aurelia,12,31,False,ACA,ACA-FBA-1,1,FBA,01
2025,Aurelia,Aurelia coerulea,ACA-FBA-1.01,,27,ephyrules,0,0,standard,,Suivi_2025.xlsx,Aurelia,12,32,False,ACA,ACA-FBA-1,1,FBA,01
2025,Aurelia,Aurelia coerulea,ACA-FBA-1.01,,28,ephyrules,0.0,0,standard,,Suivi_2025.xlsx,Aurelia,12,33,False,ACA,ACA-FBA-1,1,FBA,01
2025,Aurelia,Aurelia coerulea,ACA-FBA-1.01,,29,ephyrules,0.0,0,standard,,Suivi_2025.xlsx,Aurelia,12,34,False,ACA,ACA-FBA-1,1,FBA,01
2025,Aurelia,Aurelia coerulea,ACA-FBA-1.01,,30,ephyrules,0.0,0,standard,,Suivi_2025.xlsx,Aurelia,12,35,False,ACA,ACA-FBA-1,1,FBA,01
2025,Aurelia,Aurelia coerulea,ACA-FBA-1.01,,31,ephyrules,0.0,0,standard,,Suivi_2025.xlsx,Aurelia,12,36,False,ACA,ACA-FBA-1,1,FBA,01
2025,Aurelia,Aurelia coerulea,ACA-FBA-1.01,,32,ephyrules,0,0,standard,,Suivi_2025.xlsx,Aurelia,12,37,False,ACA,ACA-FBA-1,1,FBA,01
2025,Aurelia,Aurelia coerulea,ACA-FBA-1.01,,33,ephyrules,0.0,0,standard,,Suivi_2025.xlsx,Aurelia,12,38,False,ACA,ACA-FBA-1,1,FBA,01
2025,Aurelia,Aurelia coerulea,ACA-FBA-1.01,,34,ephyrules,0.0,0,standard,,Suivi_2025.xlsx,Aurelia,12,39,False,ACA,ACA-FBA-1,1,FBA,01
2025,Aurelia,Aurelia coerulea,ACA-FBA-1.01,,35,ephyrules,0.0,0,standard,,Suivi_2025.xlsx,Aurelia,12,40,False,ACA,ACA-FBA-1,1,FBA,01
2025,Aurelia,Aurelia coerulea,ACA-FBA-1.01,,36,ephyrules,0,0,standard,,Suivi_2025.xlsx,Aurelia,12,41,False,ACA,ACA-FBA-1,1,FBA,01
2025,Aurelia,Aurelia coerulea,ACA-FBA-1.02,,1,polypes,500,500,standard,,Suivi_2025.xlsx,Aurelia,13,6,False,ACA,ACA-FBA-1,1,FBA,02
2025,Aurelia,Aurelia coerulea,ACA-FBA-1.02,,2,polypes,500.0,500,standard,,Suivi_2025.xlsx,Aurelia,13,7,False,ACA,ACA-FBA-1,1,FBA,02
2025,Aurelia,Aurelia coerulea,ACA-FBA-1.02,,3,polypes,500.0,500,standard,,Suivi_2025.xlsx,Aurelia,13,8,False,ACA,ACA-FBA-1,1,FBA,02
2025,Aurelia,Aurelia coerulea,ACA-FBA-1.02,,4,polypes,500.0,500,standard,,Suivi_2025.xlsx,Aurelia,13,9,False,ACA,ACA-FBA-1,1,FBA,02
2025,Aurelia,Aurelia coerulea,ACA-FBA-1.02,,5,polypes,500.0,500,standard,,Suivi_2025.xlsx,Aurelia,13,10,False,ACA,ACA-FBA-1,1,FBA,02
2025,Aurelia,Aurelia coerulea,ACA-FBA-1.02,,6,polypes,500,500,standard,,Suivi_2025.xlsx,Aurelia,13,11,False,ACA,ACA-FBA-1,1,FBA,02
2025,Aurelia,Aurelia coerulea,ACA-FBA-1.02,,7,polypes,500.0,500,standard,,Suivi_2025.xlsx,Aurelia,13,12,False,ACA,ACA-FBA-1,1,FBA,02
2025,Aurelia,Aurelia coerulea,ACA-FBA-1.02,,8,polypes,500.0,500,standard,,Suivi_2025.xlsx,Aurelia,13,13,False,ACA,ACA-FBA-1,1,FBA,02
2025,Aurelia,Aurelia coerulea,ACA-FBA-1.02,,9,polypes,500.0,500,standard,,Suivi_2025.xlsx,Aurelia,13,14,False,ACA,ACA-FBA-1,1,FBA,02
2025,Aurelia,Aurelia coerulea,ACA-FBA-1.02,,10,polypes,500,500,standard,,Suivi_2025.xlsx,Aurelia,13,15,False,ACA,ACA-FBA-1,1,FBA,02
2025,Aurelia,Aurelia coerulea,ACA-FBA-1.02,,11,polypes,500.0,500,standard,,Suivi_2025.xlsx,Aurelia,13,16,False,ACA,ACA-FBA-1,1,FBA,02
2025,Aurelia,Aurelia coerulea,ACA-FBA-1.02,,12,polypes,500.0,500,standard,,Suivi_2025.xlsx,Aurelia,13,17,False,ACA,ACA-FBA-1,1,FBA,02
2025,Aurelia,Aurelia coerulea,ACA-FBA-1.02,,13,polypes,500.0,500,standard,,Suivi_2025.xlsx,Aurelia,13,18,False,ACA,ACA-FBA-1,1,FBA,02
2025,Aurelia,Aurelia coerulea,ACA-FBA-1.02,,14,polypes,500,500,standard,,Suivi_2025.xlsx,Aurelia,13,19,False,ACA,ACA-FBA-1,1,FBA,02
2025,Aurelia,Aurelia coerulea,ACA-FBA-1.02,,15,polypes,500.0,500,standard,,Suivi_2025.xlsx,Aurelia,13,20,False,ACA,ACA-FBA-1,1,FBA,02
2025,Aurelia,Aurelia coerulea,ACA-FBA-1.02,,16,polypes,500.0,500,standard,,Suivi_2025.xlsx,Aurelia,13,21,False,ACA,ACA-FBA-1,1,FBA,02
2025,Aurelia,Aurelia coerulea,ACA-FBA-1.02,,17,polypes,500.0,500,standard,,Suivi_2025.xlsx,Aurelia,13,22,False,ACA,ACA-FBA-1,1,FBA,02
2025,Aurelia,Aurelia coerulea,ACA-FBA-1.02,,18,polypes,500.0,500,standard,,Suivi_2025.xlsx,Aurelia,13,23,False,ACA,ACA-FBA-1,1,FBA,02
2025,Aurelia,Aurelia coerulea,ACA-FBA-1.02,,19,polypes,500,500,standard,,Suivi_2025.xlsx,Aurelia,13,24,False,ACA,ACA-FBA-1,1,FBA,02
2025,Aurelia,Aurelia coerulea,ACA-FBA-1.02,,20,polypes,500.0,500,standard,,Suivi_2025.xlsx,Aurelia,13,25,False,ACA,ACA-FBA-1,1,FBA,02
2025,Aurelia,Aurelia coerulea,ACA-FBA-1.02,,21,polypes,500.0,500,standard,,Suivi_2025.xlsx,Aurelia,13,26,False,ACA,ACA-FBA-1,1,FBA,02
2025,Aurelia,Aurelia coerulea,ACA-FBA-1.02,,22,polypes,500.0,500,standard,,Suivi_2025.xlsx,Aurelia,13,27,False,ACA,ACA-FBA-1,1,FBA,02
2025,Aurelia,Aurelia coerulea,ACA-FBA-1.02,,23,polypes,500,500,standard,,Suivi_2025.xlsx,Aurelia,13,28,False,ACA,ACA-FBA-1,1,FBA,02
2025,Aurelia,Aurelia coerulea,ACA-FBA-1.02,,24,polypes,500.0,500,standard,,Suivi_2025.xlsx,Aurelia,13,29,False,ACA,ACA-FBA-1,1,FBA,02
2025,Aurelia,Aurelia coerulea,ACA-FBA-1.02,,25,polypes,500.0,500,standard,,Suivi_2025.xlsx,Aurelia,13,30,False,ACA,ACA-FBA-1,1,FBA,02
2025,Aurelia,Aurelia coerulea,ACA-FBA-1.02,,26,polypes,500.0,500,standard,,Suivi_2025.xlsx,Aurelia,13,31,False,ACA,ACA-FBA-1,1,FBA,02
2025,Aurelia,Aurelia coerulea,ACA-FBA-1.02,,27,polypes,500,500,standard,,Suivi_2025.xlsx,Aurelia,13,32,False,ACA,ACA-FBA-1,1,FBA,02
2025,Aurelia,Aurelia coerulea,ACA-FBA-1.02,,28,polypes,500.0,500,standard,,Suivi_2025.xlsx,Aurelia,13,33,False,ACA,ACA-FBA-1,1,FBA,02
2025,Aurelia,Aurelia coerulea,ACA-FBA-1.02,,29,polypes,500.0,500,standard,,Suivi_2025.xlsx,Aurelia,13,34,False,ACA,ACA-FBA-1,1,FBA,02
2025,Aurelia,Aurelia coerulea,ACA-FBA-1.02,,30,polypes,500.0,500,standard,,Suivi_2025.xlsx,Aurelia,13,35,False,ACA,ACA-FBA-1,1,FBA,02
2025,Aurelia,Aurelia coerulea,ACA-FBA-1.02,,31,polypes,500.0,500,standard,,Suivi_2025.xlsx,Aurelia,13,36,False,ACA,ACA-FBA-1,1,FBA,02
2025,Aurelia,Aurelia coerulea,ACA-FBA-1.02,,32,polypes,500,500,standard,,Suivi_2025.xlsx,Aurelia,13,37,False,ACA,ACA-FBA-1,1,FBA,02
2025,Aurelia,Aurelia coerulea,ACA-FBA-1.02,,33,polypes,500.0,500,standard,,Suivi_2025.xlsx,Aurelia,13,38,False,ACA,ACA-FBA-1,1,FBA,02
2025,Aurelia,Aurelia coerulea,ACA-FBA-1.02,,34,polypes,500.0,500,standard,,Suivi_2025.xlsx,Aurelia,13,39,False,ACA,ACA-FBA-1,1,FBA,02
2025,Aurelia,Aurelia coerulea,ACA-FBA-1.02,,35,polypes,500.0,500,standard,,Suivi_2025.xlsx,Aurelia,13,40,False,ACA,ACA-FBA-1,1,FBA,02
2025,Aurelia,Aurelia coerulea,ACA-FBA-1.02,,36,polypes,500,500,standard,,Suivi_2025.xlsx,Aurelia,13,41,False,ACA,ACA-FBA-1,1,FBA,02
2025,Aurelia,Aurelia coerulea,ACA-FBA-1.02,,37,polypes,500.0,500,standard,,Suivi_2025.xlsx,Aurelia,13,42,False,ACA,ACA-FBA-1,1,FBA,02
2025,Aurelia,Aurelia coerulea,ACA-FBA-1.02,,1,ephyrules,150,150,standard,,Suivi_2025.xlsx,Aurelia,14,6,False,ACA,ACA-FBA-1,1,FBA,02
2025,Aurelia,Aurelia coerulea,ACA-FBA-1.02,,2,ephyrules,150.0,150,standard,,Suivi_2025.xlsx,Aurelia,14,7,False,ACA,ACA-FBA-1,1,FBA,02
2025,Aurelia,Aurelia coerulea,ACA-FBA-1.02,,3,ephyrules,150.0,150,standard,,Suivi_2025.xlsx,Aurelia,14,8,False,ACA,ACA-FBA-1,1,FBA,02
2025,Aurelia,Aurelia coerulea,ACA-FBA-1.02,,4,ephyrules,50.0,50,standard,,Suivi_2025.xlsx,Aurelia,14,9,False,ACA,ACA-FBA-1,1,FBA,02
2025,Aurelia,Aurelia coerulea,ACA-FBA-1.02,,5,ephyrules,50.0,50,standard,,Suivi_2025.xlsx,Aurelia,14,10,False,ACA,ACA-FBA-1,1,FBA,02
2025,Aurelia,Aurelia coerulea,ACA-FBA-1.02,,6,ephyrules,50,50,standard,,Suivi_2025.xlsx,Aurelia,14,11,False,ACA,ACA-FBA-1,1,FBA,02
2025,Aurelia,Aurelia coerulea,ACA-FBA-1.02,,7,ephyrules,4.0,4,standard,,Suivi_2025.xlsx,Aurelia,14,12,False,ACA,ACA-FBA-1,1,FBA,02
2025,Aurelia,Aurelia coerulea,ACA-FBA-1.02,,8,ephyrules,0.0,0,standard,,Suivi_2025.xlsx,Aurelia,14,13,False,ACA,ACA-FBA-1,1,FBA,02
2025,Aurelia,Aurelia coerulea,ACA-FBA-1.02,,9,ephyrules,0.0,0,standard,,Suivi_2025.xlsx,Aurelia,14,14,False,ACA,ACA-FBA-1,1,FBA,02
2025,Aurelia,Aurelia coerulea,ACA-FBA-1.02,,10,ephyrules,0,0,standard,,Suivi_2025.xlsx,Aurelia,14,15,False,ACA,ACA-FBA-1,1,FBA,02
2025,Aurelia,Aurelia coerulea,ACA-FBA-1.02,,11,ephyrules,0.0,0,standard,,Suivi_2025.xlsx,Aurelia,14,16,False,ACA,ACA-FBA-1,1,FBA,02
2025,Aurelia,Aurelia coerulea,ACA-FBA-1.02,,12,ephyrules,0.0,0,standard,,Suivi_2025.xlsx,Aurelia,14,17,False,ACA,ACA-FBA-1,1,FBA,02
2025,Aurelia,Aurelia coerulea,ACA-FBA-1.02,,13,ephyrules,35.0,35,standard,,Suivi_2025.xlsx,Aurelia,14,18,False,ACA,ACA-FBA-1,1,FBA,02
2025,Aurelia,Aurelia coerulea,ACA-FBA-1.02,,14,ephyrules,20,20,standard,,Suivi_2025.xlsx,Aurelia,14,19,False,ACA,ACA-FBA-1,1,FBA,02
2025,Aurelia,Aurelia coerulea,ACA-FBA-1.02,,15,ephyrules,0.0,0,standard,,Suivi_2025.xlsx,Aurelia,14,20,False,ACA,ACA-FBA-1,1,FBA,02
2025,Aurelia,Aurelia coerulea,ACA-FBA-1.02,,16,ephyrules,30.0,30,standard,,Suivi_2025.xlsx,Aurelia,14,21,False,ACA,ACA-FBA-1,1,FBA,02
2025,Aurelia,Aurelia coerulea,ACA-FBA-1.02,,17,ephyrules,50.0,50,standard,,Suivi_2025.xlsx,Aurelia,14,22,False,ACA,ACA-FBA-1,1,FBA,02
2025,Aurelia,Aurelia coerulea,ACA-FBA-1.02,,18,ephyrules,50.0,50,standard,,Suivi_2025.xlsx,Aurelia,14,23,False,ACA,ACA-FBA-1,1,FBA,02
2025,Aurelia,Aurelia coerulea,ACA-FBA-1.02,,19,ephyrules,10,10,standard,,Suivi_2025.xlsx,Aurelia,14,24,False,ACA,ACA-FBA-1,1,FBA,02
2025,Aurelia,Aurelia coerulea,ACA-FBA-1.02,,20,ephyrules,200.0,200,standard,,Suivi_2025.xlsx,Aurelia,14,25,False,ACA,ACA-FBA-1,1,FBA,02
2025,Aurelia,Aurelia coerulea,ACA-FBA-1.02,,21,ephyrules,15.0,15,standard,,Suivi_2025.xlsx,Aurelia,14,26,False,ACA,ACA-FBA-1,1,FBA,02
2025,Aurelia,Aurelia coerulea,ACA-FBA-1.02,,22,ephyrules,0.0,0,standard,,Suivi_2025.xlsx,Aurelia,14,27,False,ACA,ACA-FBA-1,1,FBA,02
2025,Aurelia,Aurelia coerulea,ACA-FBA-1.02,,23,ephyrules,0,0,standard,,Suivi_2025.xlsx,Aurelia,14,28,False,ACA,ACA-FBA-1,1,FBA,02
2025,Aurelia,Aurelia coerulea,ACA-FBA-1.02,,24,ephyrules,0.0,0,standard,,Suivi_2025.xlsx,Aurelia,14,29,False,ACA,ACA-FBA-1,1,FBA,02
2025,Aurelia,Aurelia coerulea,ACA-FBA-1.02,,25,ephyrules,0.0,0,standard,,Suivi_2025.xlsx,Aurelia,14,30,False,ACA,ACA-FBA-1,1,FBA,02
2025,Aurelia,Aurelia coerulea,ACA-FBA-1.02,,26,ephyrules,0.0,0,standard,,Suivi_2025.xlsx,Aurelia,14,31,False,ACA,ACA-FBA-1,1,FBA,02
2025,Aurelia,Aurelia coerulea,ACA-FBA-1.02,,27,ephyrules,0,0,standard,,Suivi_2025.xlsx,Aurelia,14,32,False,ACA,ACA-FBA-1,1,FBA,02
2025,Aurelia,Aurelia coerulea,ACA-FBA-1.02,,28,ephyrules,0.0,0,standard,,Suivi_2025.xlsx,Aurelia,14,33,False,ACA,ACA-FBA-1,1,FBA,02
2025,Aurelia,Aurelia coerulea,ACA-FBA-1.02,,29,ephyrules,0.0,0,standard,,Suivi_2025.xlsx,Aurelia,14,34,False,ACA,ACA-FBA-1,1,FBA,02
2025,Aurelia,Aurelia coerulea,ACA-FBA-1.02,,30,ephyrules,0.0,0,standard,,Suivi_2025.xlsx,Aurelia,14,35,False,ACA,ACA-FBA-1,1,FBA,02
2025,Aurelia,Aurelia coerulea,ACA-FBA-1.02,,31,ephyrules,0.0,0,standard,,Suivi_2025.xlsx,Aurelia,14,36,False,ACA,ACA-FBA-1,1,FBA,02
2025,Aurelia,Aurelia coerulea,ACA-FBA-1.02,,32,ephyrules,0,0,standard,,Suivi_2025.xlsx,Aurelia,14,37,False,ACA,ACA-FBA-1,1,FBA,02
2025,Aurelia,Aurelia coerulea,ACA-FBA-1.02,,33,ephyrules,0.0,0,standard,,Suivi_2025.xlsx,Aurelia,14,38,False,ACA,ACA-FBA-1,1,FBA,02
2025,Aurelia,Aurelia coerulea,ACA-FBA-1.02,,34,ephyrules,0.0,0,standard,,Suivi_2025.xlsx,Aurelia,14,39,False,ACA,ACA-FBA-1,1,FBA,02
2025,Aurelia,Aurelia coerulea,ACA-FBA-1.02,,35,ephyrules,0.0,0,standard,,Suivi_2025.xlsx,Aurelia,14,40,False,ACA,ACA-FBA-1,1,FBA,02
2025,Aurelia,Aurelia coerulea,ACA-FBA-1.02,,36,ephyrules,0,0,standard,,Suivi_2025.xlsx,Aurelia,14,41,False,ACA,ACA-FBA-1,1,FBA,02
2025,Aurelia,Aurelia coerulea,ACA-FBA-1.02,,37,ephyrules,0.0,0,standard,,Suivi_2025.xlsx,Aurelia,14,42,False,ACA,ACA-FBA-1,1,FBA,02
2025,UMR_MARBEC,Rhizostoma pulmo,RPU-FBA-1.05,,1,polypes,2,2,standard,,Suivi_2025.xlsx,UMR_MARBEC,3,6,False,RPU,RPU-FBA-1,1,FBA,05
2025,UMR_MARBEC,Rhizostoma pulmo,RPU-FBA-1.05,,1,ephyrules,0,0,standard,,Suivi_2025.xlsx,UMR_MARBEC,4,6,False,RPU,RPU-FBA-1,1,FBA,05
2025,UMR_MARBEC,Rhizostoma pulmo,RPU-FBA-1.07,,1,polypes,10,10,standard,,Suivi_2025.xlsx,UMR_MARBEC,7,6,False,RPU,RPU-FBA-1,1,FBA,07
2025,UMR_MARBEC,Rhizostoma pulmo,RPU-FBA-1.07,,2,polypes,19.0,19,standard,,Suivi_2025.xlsx,UMR_MARBEC,7,7,False,RPU,RPU-FBA-1,1,FBA,07
2025,UMR_MARBEC,Rhizostoma pulmo,RPU-FBA-1.07,,3,polypes,18.0,18,standard,,Suivi_2025.xlsx,UMR_MARBEC,7,8,False,RPU,RPU-FBA-1,1,FBA,07
2025,UMR_MARBEC,Rhizostoma pulmo,RPU-FBA-1.07,,4,polypes,16.0,16,standard,,Suivi_2025.xlsx,UMR_MARBEC,7,9,False,RPU,RPU-FBA-1,1,FBA,07
2025,UMR_MARBEC,Rhizostoma pulmo,RPU-FBA-1.07,,5,polypes,15,15,standard,,Suivi_2025.xlsx,UMR_MARBEC,7,10,False,RPU,RPU-FBA-1,1,FBA,07
2025,UMR_MARBEC,Rhizostoma pulmo,RPU-FBA-1.07,,6,polypes,16,16,standard,,Suivi_2025.xlsx,UMR_MARBEC,7,11,False,RPU,RPU-FBA-1,1,FBA,07
2025,UMR_MARBEC,Rhizostoma pulmo,RPU-FBA-1.07,,7,polypes,16.0,16,standard,,Suivi_2025.xlsx,UMR_MARBEC,7,12,False,RPU,RPU-FBA-1,1,FBA,07
2025,UMR_MARBEC,Rhizostoma pulmo,RPU-FBA-1.07,,8,polypes,16.0,16,standard,,Suivi_2025.xlsx,UMR_MARBEC,7,13,False,RPU,RPU-FBA-1,1,FBA,07
2025,UMR_MARBEC,Rhizostoma pulmo,RPU-FBA-1.07,,9,polypes,16,16,standard,,Suivi_2025.xlsx,UMR_MARBEC,7,14,False,RPU,RPU-FBA-1,1,FBA,07
2025,UMR_MARBEC,Rhizostoma pulmo,RPU-FBA-1.07,,10,polypes,16,16,standard,,Suivi_2025.xlsx,UMR_MARBEC,7,15,False,RPU,RPU-FBA-1,1,FBA,07
2025,UMR_MARBEC,Rhizostoma pulmo,RPU-FBA-1.07,,11,polypes,16.0,16,standard,,Suivi_2025.xlsx,UMR_MARBEC,7,16,False,RPU,RPU-FBA-1,1,FBA,07
2025,UMR_MARBEC,Rhizostoma pulmo,RPU-FBA-1.07,,12,polypes,12.0,12,standard,,Suivi_2025.xlsx,UMR_MARBEC,7,17,False,RPU,RPU-FBA-1,1,FBA,07
2025,UMR_MARBEC,Rhizostoma pulmo,RPU-FBA-1.07,,13,polypes,12.0,12,standard,,Suivi_2025.xlsx,UMR_MARBEC,7,18,False,RPU,RPU-FBA-1,1,FBA,07
2025,UMR_MARBEC,Rhizostoma pulmo,RPU-FBA-1.07,,14,polypes,16,16,standard,,Suivi_2025.xlsx,UMR_MARBEC,7,19,False,RPU,RPU-FBA-1,1,FBA,07
2025,UMR_MARBEC,Rhizostoma pulmo,RPU-FBA-1.07,,15,polypes,22.0,22,standard,,Suivi_2025.xlsx,UMR_MARBEC,7,20,False,RPU,RPU-FBA-1,1,FBA,07
2025,UMR_MARBEC,Rhizostoma pulmo,RPU-FBA-1.07,,16,polypes,16.0,16,standard,,Suivi_2025.xlsx,UMR_MARBEC,7,21,False,RPU,RPU-FBA-1,1,FBA,07
2025,UMR_MARBEC,Rhizostoma pulmo,RPU-FBA-1.07,,17,polypes,14.0,14,standard,,Suivi_2025.xlsx,UMR_MARBEC,7,22,False,RPU,RPU-FBA-1,1,FBA,07
2025,UMR_MARBEC,Rhizostoma pulmo,RPU-FBA-1.07,,18,polypes,14,14,standard,,Suivi_2025.xlsx,UMR_MARBEC,7,23,False,RPU,RPU-FBA-1,1,FBA,07
2025,UMR_MARBEC,Rhizostoma pulmo,RPU-FBA-1.07,,19,polypes,14,14,standard,,Suivi_2025.xlsx,UMR_MARBEC,7,24,False,RPU,RPU-FBA-1,1,FBA,07
2025,UMR_MARBEC,Rhizostoma pulmo,RPU-FBA-1.07,,20,polypes,11.0,11,standard,,Suivi_2025.xlsx,UMR_MARBEC,7,25,False,RPU,RPU-FBA-1,1,FBA,07
2025,UMR_MARBEC,Rhizostoma pulmo,RPU-FBA-1.07,,21,polypes,11.0,11,standard,,Suivi_2025.xlsx,UMR_MARBEC,7,26,False,RPU,RPU-FBA-1,1,FBA,07
2025,UMR_MARBEC,Rhizostoma pulmo,RPU-FBA-1.07,,22,polypes,11.0,11,standard,,Suivi_2025.xlsx,UMR_MARBEC,7,27,False,RPU,RPU-FBA-1,1,FBA,07
2025,UMR_MARBEC,Rhizostoma pulmo,RPU-FBA-1.07,,23,polypes,14,14,standard,,Suivi_2025.xlsx,UMR_MARBEC,7,28,False,RPU,RPU-FBA-1,1,FBA,07
2025,UMR_MARBEC,Rhizostoma pulmo,RPU-FBA-1.07,,24,polypes,19.0,19,standard,,Suivi_2025.xlsx,UMR_MARBEC,7,29,False,RPU,RPU-FBA-1,1,FBA,07
2025,UMR_MARBEC,Rhizostoma pulmo,RPU-FBA-1.07,,25,polypes,19.0,19,standard,,Suivi_2025.xlsx,UMR_MARBEC,7,30,False,RPU,RPU-FBA-1,1,FBA,07
2025,UMR_MARBEC,Rhizostoma pulmo,RPU-FBA-1.07,,26,polypes,16.0,16,standard,,Suivi_2025.xlsx,UMR_MARBEC,7,31,False,RPU,RPU-FBA-1,1,FBA,07
2025,UMR_MARBEC,Rhizostoma pulmo,RPU-FBA-1.07,,27,polypes,25,25,standard,,Suivi_2025.xlsx,UMR_MARBEC,7,32,False,RPU,RPU-FBA-1,1,FBA,07
2025,UMR_MARBEC,Rhizostoma pulmo,RPU-FBA-1.07,,28,polypes,29.0,29,standard,,Suivi_2025.xlsx,UMR_MARBEC,7,33,False,RPU,RPU-FBA-1,1,FBA,07
2025,UMR_MARBEC,Rhizostoma pulmo,RPU-FBA-1.07,,29,polypes,34.0,34,standard,,Suivi_2025.xlsx,UMR_MARBEC,7,34,False,RPU,RPU-FBA-1,1,FBA,07
2025,UMR_MARBEC,Rhizostoma pulmo,RPU-FBA-1.07,,30,polypes,43.0,43,standard,,Suivi_2025.xlsx,UMR_MARBEC,7,35,False,RPU,RPU-FBA-1,1,FBA,07
2025,UMR_MARBEC,Rhizostoma pulmo,RPU-FBA-1.07,,31,polypes,42,42,standard,,Suivi_2025.xlsx,UMR_MARBEC,7,36,False,RPU,RPU-FBA-1,1,FBA,07
2025,UMR_MARBEC,Rhizostoma pulmo,RPU-FBA-1.07,,32,polypes,50,50,standard,,Suivi_2025.xlsx,UMR_MARBEC,7,37,False,RPU,RPU-FBA-1,1,FBA,07
2025,UMR_MARBEC,Rhizostoma pulmo,RPU-FBA-1.07,,33,polypes,100.0,100,standard,,Suivi_2025.xlsx,UMR_MARBEC,7,38,False,RPU,RPU-FBA-1,1,FBA,07
2025,UMR_MARBEC,Rhizostoma pulmo,RPU-FBA-1.07,,34,polypes,110.0,110,standard,,Suivi_2025.xlsx,UMR_MARBEC,7,39,False,RPU,RPU-FBA-1,1,FBA,07
2025,UMR_MARBEC,Rhizostoma pulmo,RPU-FBA-1.07,,35,polypes,100.0,100,standard,,Suivi_2025.xlsx,UMR_MARBEC,7,40,False,RPU,RPU-FBA-1,1,FBA,07
2025,UMR_MARBEC,Rhizostoma pulmo,RPU-FBA-1.07,,36,polypes,100,100,standard,,Suivi_2025.xlsx,UMR_MARBEC,7,41,False,RPU,RPU-FBA-1,1,FBA,07
2025,UMR_MARBEC,Rhizostoma pulmo,RPU-FBA-1.07,,1,ephyrules,0,0,standard,,Suivi_2025.xlsx,UMR_MARBEC,8,6,False,RPU,RPU-FBA-1,1,FBA,07
2025,UMR_MARBEC,Rhizostoma pulmo,RPU-FBA-1.07,,2,ephyrules,0.0,0,standard,,Suivi_2025.xlsx,UMR_MARBEC,8,7,False,RPU,RPU-FBA-1,1,FBA,07
2025,UMR_MARBEC,Rhizostoma pulmo,RPU-FBA-1.07,,3,ephyrules,0.0,0,standard,,Suivi_2025.xlsx,UMR_MARBEC,8,8,False,RPU,RPU-FBA-1,1,FBA,07
2025,UMR_MARBEC,Rhizostoma pulmo,RPU-FBA-1.07,,4,ephyrules,0.0,0,standard,,Suivi_2025.xlsx,UMR_MARBEC,8,9,False,RPU,RPU-FBA-1,1,FBA,07
2025,UMR_MARBEC,Rhizostoma pulmo,RPU-FBA-1.07,,5,ephyrules,0,0,standard,,Suivi_2025.xlsx,UMR_MARBEC,8,10,False,RPU,RPU-FBA-1,1,FBA,07
2025,UMR_MARBEC,Rhizostoma pulmo,RPU-FBA-1.07,,6,ephyrules,0,0,standard,,Suivi_2025.xlsx,UMR_MARBEC,8,11,False,RPU,RPU-FBA-1,1,FBA,07
2025,UMR_MARBEC,Rhizostoma pulmo,RPU-FBA-1.07,,7,ephyrules,4.0,4,standard,,Suivi_2025.xlsx,UMR_MARBEC,8,12,False,RPU,RPU-FBA-1,1,FBA,07
2025,UMR_MARBEC,Rhizostoma pulmo,RPU-FBA-1.07,,8,ephyrules,8.0,8,standard,,Suivi_2025.xlsx,UMR_MARBEC,8,13,False,RPU,RPU-FBA-1,1,FBA,07
2025,UMR_MARBEC,Rhizostoma pulmo,RPU-FBA-1.07,,9,ephyrules,12,12,standard,,Suivi_2025.xlsx,UMR_MARBEC,8,14,False,RPU,RPU-FBA-1,1,FBA,07
2025,UMR_MARBEC,Rhizostoma pulmo,RPU-FBA-1.07,,10,ephyrules,2,2,standard,,Suivi_2025.xlsx,UMR_MARBEC,8,15,False,RPU,RPU-FBA-1,1,FBA,07
2025,UMR_MARBEC,Rhizostoma pulmo,RPU-FBA-1.07,,11,ephyrules,17.0,17,standard,,Suivi_2025.xlsx,UMR_MARBEC,8,16,False,RPU,RPU-FBA-1,1,FBA,07
2025,UMR_MARBEC,Rhizostoma pulmo,RPU-FBA-1.07,,12,ephyrules,6.0,6,standard,,Suivi_2025.xlsx,UMR_MARBEC,8,17,False,RPU,RPU-FBA-1,1,FBA,07
2025,UMR_MARBEC,Rhizostoma pulmo,RPU-FBA-1.07,,13,ephyrules,9.0,9,standard,,Suivi_2025.xlsx,UMR_MARBEC,8,18,False,RPU,RPU-FBA-1,1,FBA,07
2025,UMR_MARBEC,Rhizostoma pulmo,RPU-FBA-1.07,,14,ephyrules,10,10,standard,,Suivi_2025.xlsx,UMR_MARBEC,8,19,False,RPU,RPU-FBA-1,1,FBA,07
2025,UMR_MARBEC,Rhizostoma pulmo,RPU-FBA-1.07,,15,ephyrules,15.0,15,standard,,Suivi_2025.xlsx,UMR_MARBEC,8,20,False,RPU,RPU-FBA-1,1,FBA,07
2025,UMR_MARBEC,Rhizostoma pulmo,RPU-FBA-1.07,,16,ephyrules,6.0,6,standard,,Suivi_2025.xlsx,UMR_MARBEC,8,21,False,RPU,RPU-FBA-1,1,FBA,07
2025,UMR_MARBEC,Rhizostoma pulmo,RPU-FBA-1.07,,17,ephyrules,4.0,4,standard,,Suivi_2025.xlsx,UMR_MARBEC,8,22,False,RPU,RPU-FBA-1,1,FBA,07
2025,UMR_MARBEC,Rhizostoma pulmo,RPU-FBA-1.07,,18,ephyrules,4,4,standard,,Suivi_2025.xlsx,UMR_MARBEC,8,23,False,RPU,RPU-FBA-1,1,FBA,07
2025,UMR_MARBEC,Rhizostoma pulmo,RPU-FBA-1.07,,19,ephyrules,5,5,standard,,Suivi_2025.xlsx,UMR_MARBEC,8,24,False,RPU,RPU-FBA-1,1,FBA,07
2025,UMR_MARBEC,Rhizostoma pulmo,RPU-FBA-1.07,,20,ephyrules,5.0,5,standard,,Suivi_2025.xlsx,UMR_MARBEC,8,25,False,RPU,RPU-FBA-1,1,FBA,07
2025,UMR_MARBEC,Rhizostoma pulmo,RPU-FBA-1.07,,21,ephyrules,0.0,0,standard,,Suivi_2025.xlsx,UMR_MARBEC,8,26,False,RPU,RPU-FBA-1,1,FBA,07
2025,UMR_MARBEC,Rhizostoma pulmo,RPU-FBA-1.07,,22,ephyrules,15.0,15,standard,,Suivi_2025.xlsx,UMR_MARBEC,8,27,False,RPU,RPU-FBA-1,1,FBA,07
2025,UMR_MARBEC,Rhizostoma pulmo,RPU-FBA-1.07,,23,ephyrules,5,5,standard,,Suivi_2025.xlsx,UMR_MARBEC,8,28,False,RPU,RPU-FBA-1,1,FBA,07
2025,UMR_MARBEC,Rhizostoma pulmo,RPU-FBA-1.07,,24,ephyrules,4.0,4,standard,,Suivi_2025.xlsx,UMR_MARBEC,8,29,False,RPU,RPU-FBA-1,1,FBA,07
2025,UMR_MARBEC,Rhizostoma pulmo,RPU-FBA-1.07,,25,ephyrules,4.0,4,standard,,Suivi_2025.xlsx,UMR_MARBEC,8,30,False,RPU,RPU-FBA-1,1,FBA,07
2025,UMR_MARBEC,Rhizostoma pulmo,RPU-FBA-1.07,,26,ephyrules,5.0,5,standard,,Suivi_2025.xlsx,UMR_MARBEC,8,31,False,RPU,RPU-FBA-1,1,FBA,07
2025,UMR_MARBEC,Rhizostoma pulmo,RPU-FBA-1.07,,27,ephyrules,4,4,standard,,Suivi_2025.xlsx,UMR_MARBEC,8,32,False,RPU,RPU-FBA-1,1,FBA,07
2025,UMR_MARBEC,Rhizostoma pulmo,RPU-FBA-1.07,,28,ephyrules,5.0,5,standard,,Suivi_2025.xlsx,UMR_MARBEC,8,33,False,RPU,RPU-FBA-1,1,FBA,07
2025,UMR_MARBEC,Rhizostoma pulmo,RPU-FBA-1.07,,29,ephyrules,30.0,30,standard,,Suivi_2025.xlsx,UMR_MARBEC,8,34,False,RPU,RPU-FBA-1,1,FBA,07
2025,UMR_MARBEC,Rhizostoma pulmo,RPU-FBA-1.07,,30,ephyrules,0.0,0,standard,,Suivi_2025.xlsx,UMR_MARBEC,8,35,False,RPU,RPU-FBA-1,1,FBA,07
2025,UMR_MARBEC,Rhizostoma pulmo,RPU-FBA-1.07,,31,ephyrules,3,3,standard,,Suivi_2025.xlsx,UMR_MARBEC,8,36,False,RPU,RPU-FBA-1,1,FBA,07
2025,UMR_MARBEC,Rhizostoma pulmo,RPU-FBA-1.07,,32,ephyrules,0,0,standard,,Suivi_2025.xlsx,UMR_MARBEC,8,37,False,RPU,RPU-FBA-1,1,FBA,07
2025,UMR_MARBEC,Rhizostoma pulmo,RPU-FBA-1.07,,33,ephyrules,14.0,14,standard,,Suivi_2025.xlsx,UMR_MARBEC,8,38,False,RPU,RPU-FBA-1,1,FBA,07
2025,UMR_MARBEC,Rhizostoma pulmo,RPU-FBA-1.07,,34,ephyrules,6.0,6,standard,,Suivi_2025.xlsx,UMR_MARBEC,8,39,False,RPU,RPU-FBA-1,1,FBA,07
2025,UMR_MARBEC,Rhizostoma pulmo,RPU-FBA-1.07,,35,ephyrules,5.0,5,standard,,Suivi_2025.xlsx,UMR_MARBEC,8,40,False,RPU,RPU-FBA-1,1,FBA,07
2025,UMR_MARBEC,Rhizostoma pulmo,RPU-FBA-1.07,,36,ephyrules,0,0,standard,,Suivi_2025.xlsx,UMR_MARBEC,8,41,False,RPU,RPU-FBA-1,1,FBA,07
2025,UMR_MARBEC,Rhizostoma pulmo,RPU-FBA-1.08,,1,polypes,20,20,standard,,Suivi_2025.xlsx,UMR_MARBEC,11,6,False,RPU,RPU-FBA-1,1,FBA,08
2025,UMR_MARBEC,Rhizostoma pulmo,RPU-FBA-1.08,,2,polypes,51.0,51,standard,,Suivi_2025.xlsx,UMR_MARBEC,11,7,False,RPU,RPU-FBA-1,1,FBA,08
2025,UMR_MARBEC,Rhizostoma pulmo,RPU-FBA-1.08,,3,polypes,20.0,20,standard,,Suivi_2025.xlsx,UMR_MARBEC,11,8,False,RPU,RPU-FBA-1,1,FBA,08
2025,UMR_MARBEC,Rhizostoma pulmo,RPU-FBA-1.08,,4,polypes,14.0,14,standard,,Suivi_2025.xlsx,UMR_MARBEC,11,9,False,RPU,RPU-FBA-1,1,FBA,08
2025,UMR_MARBEC,Rhizostoma pulmo,RPU-FBA-1.08,,5,polypes,14,14,standard,,Suivi_2025.xlsx,UMR_MARBEC,11,10,False,RPU,RPU-FBA-1,1,FBA,08
2025,UMR_MARBEC,Rhizostoma pulmo,RPU-FBA-1.08,,6,polypes,14,14,standard,,Suivi_2025.xlsx,UMR_MARBEC,11,11,False,RPU,RPU-FBA-1,1,FBA,08
2025,UMR_MARBEC,Rhizostoma pulmo,RPU-FBA-1.08,,7,polypes,14.0,14,standard,,Suivi_2025.xlsx,UMR_MARBEC,11,12,False,RPU,RPU-FBA-1,1,FBA,08
2025,UMR_MARBEC,Rhizostoma pulmo,RPU-FBA-1.08,,8,polypes,14.0,14,standard,,Suivi_2025.xlsx,UMR_MARBEC,11,13,False,RPU,RPU-FBA-1,1,FBA,08
2025,UMR_MARBEC,Rhizostoma pulmo,RPU-FBA-1.08,,9,polypes,14,14,standard,,Suivi_2025.xlsx,UMR_MARBEC,11,14,False,RPU,RPU-FBA-1,1,FBA,08
2025,UMR_MARBEC,Rhizostoma pulmo,RPU-FBA-1.08,,10,polypes,14,14,standard,,Suivi_2025.xlsx,UMR_MARBEC,11,15,False,RPU,RPU-FBA-1,1,FBA,08
2025,UMR_MARBEC,Rhizostoma pulmo,RPU-FBA-1.08,,11,polypes,11.0,11,standard,,Suivi_2025.xlsx,UMR_MARBEC,11,16,False,RPU,RPU-FBA-1,1,FBA,08
2025,UMR_MARBEC,Rhizostoma pulmo,RPU-FBA-1.08,,12,polypes,11.0,11,standard,,Suivi_2025.xlsx,UMR_MARBEC,11,17,False,RPU,RPU-FBA-1,1,FBA,08
2025,UMR_MARBEC,Rhizostoma pulmo,RPU-FBA-1.08,,13,polypes,10.0,10,standard,,Suivi_2025.xlsx,UMR_MARBEC,11,18,False,RPU,RPU-FBA-1,1,FBA,08
2025,UMR_MARBEC,Rhizostoma pulmo,RPU-FBA-1.08,,14,polypes,4,4,standard,,Suivi_2025.xlsx,UMR_MARBEC,11,19,False,RPU,RPU-FBA-1,1,FBA,08
2025,UMR_MARBEC,Rhizostoma pulmo,RPU-FBA-1.08,,15,polypes,3.0,3,standard,,Suivi_2025.xlsx,UMR_MARBEC,11,20,False,RPU,RPU-FBA-1,1,FBA,08
2025,UMR_MARBEC,Rhizostoma pulmo,RPU-FBA-1.08,,16,polypes,1.0,1,standard,,Suivi_2025.xlsx,UMR_MARBEC,11,21,False,RPU,RPU-FBA-1,1,FBA,08
2025,UMR_MARBEC,Rhizostoma pulmo,RPU-FBA-1.08,,17,polypes,2.0,2,standard,,Suivi_2025.xlsx,UMR_MARBEC,11,22,False,RPU,RPU-FBA-1,1,FBA,08
2025,UMR_MARBEC,Rhizostoma pulmo,RPU-FBA-1.08,,18,polypes,9,9,standard,,Suivi_2025.xlsx,UMR_MARBEC,11,23,False,RPU,RPU-FBA-1,1,FBA,08
2025,UMR_MARBEC,Rhizostoma pulmo,RPU-FBA-1.08,,19,polypes,9,9,standard,,Suivi_2025.xlsx,UMR_MARBEC,11,24,False,RPU,RPU-FBA-1,1,FBA,08
2025,UMR_MARBEC,Rhizostoma pulmo,RPU-FBA-1.08,,20,polypes,9.0,9,standard,,Suivi_2025.xlsx,UMR_MARBEC,11,25,False,RPU,RPU-FBA-1,1,FBA,08
2025,UMR_MARBEC,Rhizostoma pulmo,RPU-FBA-1.08,,21,polypes,9.0,9,standard,,Suivi_2025.xlsx,UMR_MARBEC,11,26,False,RPU,RPU-FBA-1,1,FBA,08
2025,UMR_MARBEC,Rhizostoma pulmo,RPU-FBA-1.08,,22,polypes,9.0,9,standard,,Suivi_2025.xlsx,UMR_MARBEC,11,27,False,RPU,RPU-FBA-1,1,FBA,08
2025,UMR_MARBEC,Rhizostoma pulmo,RPU-FBA-1.08,,23,polypes,9,9,standard,,Suivi_2025.xlsx,UMR_MARBEC,11,28,False,RPU,RPU-FBA-1,1,FBA,08
2025,UMR_MARBEC,Rhizostoma pulmo,RPU-FBA-1.08,,24,polypes,9.0,9,standard,,Suivi_2025.xlsx,UMR_MARBEC,11,29,False,RPU,RPU-FBA-1,1,FBA,08
2025,UMR_MARBEC,Rhizostoma pulmo,RPU-FBA-1.08,,25,polypes,8.0,8,standard,,Suivi_2025.xlsx,UMR_MARBEC,11,30,False,RPU,RPU-FBA-1,1,FBA,08
2025,UMR_MARBEC,Rhizostoma pulmo,RPU-FBA-1.08,,26,polypes,10.0,10,standard,,Suivi_2025.xlsx,UMR_MARBEC,11,31,False,RPU,RPU-FBA-1,1,FBA,08
2025,UMR_MARBEC,Rhizostoma pulmo,RPU-FBA-1.08,,27,polypes,7,7,standard,,Suivi_2025.xlsx,UMR_MARBEC,11,32,False,RPU,RPU-FBA-1,1,FBA,08
2025,UMR_MARBEC,Rhizostoma pulmo,RPU-FBA-1.08,,28,polypes,7.0,7,standard,,Suivi_2025.xlsx,UMR_MARBEC,11,33,False,RPU,RPU-FBA-1,1,FBA,08
2025,UMR_MARBEC,Rhizostoma pulmo,RPU-FBA-1.08,,29,polypes,6.0,6,standard,,Suivi_2025.xlsx,UMR_MARBEC,11,34,False,RPU,RPU-FBA-1,1,FBA,08
2025,UMR_MARBEC,Rhizostoma pulmo,RPU-FBA-1.08,,30,polypes,7.0,7,standard,,Suivi_2025.xlsx,UMR_MARBEC,11,35,False,RPU,RPU-FBA-1,1,FBA,08
2025,UMR_MARBEC,Rhizostoma pulmo,RPU-FBA-1.08,,31,polypes,9,9,standard,,Suivi_2025.xlsx,UMR_MARBEC,11,36,False,RPU,RPU-FBA-1,1,FBA,08
2025,UMR_MARBEC,Rhizostoma pulmo,RPU-FBA-1.08,,32,polypes,7,7,standard,,Suivi_2025.xlsx,UMR_MARBEC,11,37,False,RPU,RPU-FBA-1,1,FBA,08
2025,UMR_MARBEC,Rhizostoma pulmo,RPU-FBA-1.08,,33,polypes,9.0,9,standard,,Suivi_2025.xlsx,UMR_MARBEC,11,38,False,RPU,RPU-FBA-1,1,FBA,08
2025,UMR_MARBEC,Rhizostoma pulmo,RPU-FBA-1.08,,34,polypes,11.0,11,standard,,Suivi_2025.xlsx,UMR_MARBEC,11,39,False,RPU,RPU-FBA-1,1,FBA,08
2025,UMR_MARBEC,Rhizostoma pulmo,RPU-FBA-1.08,,35,polypes,10.0,10,standard,,Suivi_2025.xlsx,UMR_MARBEC,11,40,False,RPU,RPU-FBA-1,1,FBA,08
2025,UMR_MARBEC,Rhizostoma pulmo,RPU-FBA-1.08,,36,polypes,8,8,standard,,Suivi_2025.xlsx,UMR_MARBEC,11,41,False,RPU,RPU-FBA-1,1,FBA,08
2025,UMR_MARBEC,Rhizostoma pulmo,RPU-FBA-1.08,,1,ephyrules,0,0,standard,,Suivi_2025.xlsx,UMR_MARBEC,12,6,False,RPU,RPU-FBA-1,1,FBA,08
2025,UMR_MARBEC,Rhizostoma pulmo,RPU-FBA-1.08,,2,ephyrules,0.0,0,standard,,Suivi_2025.xlsx,UMR_MARBEC,12,7,False,RPU,RPU-FBA-1,1,FBA,08
2025,UMR_MARBEC,Rhizostoma pulmo,RPU-FBA-1.08,,3,ephyrules,0.0,0,standard,,Suivi_2025.xlsx,UMR_MARBEC,12,8,False,RPU,RPU-FBA-1,1,FBA,08
2025,UMR_MARBEC,Rhizostoma pulmo,RPU-FBA-1.08,,4,ephyrules,0.0,0,standard,,Suivi_2025.xlsx,UMR_MARBEC,12,9,False,RPU,RPU-FBA-1,1,FBA,08
2025,UMR_MARBEC,Rhizostoma pulmo,RPU-FBA-1.08,,5,ephyrules,0,0,standard,,Suivi_2025.xlsx,UMR_MARBEC,12,10,False,RPU,RPU-FBA-1,1,FBA,08
2025,UMR_MARBEC,Rhizostoma pulmo,RPU-FBA-1.08,,6,ephyrules,0,0,standard,,Suivi_2025.xlsx,UMR_MARBEC,12,11,False,RPU,RPU-FBA-1,1,FBA,08
2025,UMR_MARBEC,Rhizostoma pulmo,RPU-FBA-1.08,,7,ephyrules,7.0,7,standard,,Suivi_2025.xlsx,UMR_MARBEC,12,12,False,RPU,RPU-FBA-1,1,FBA,08
2025,UMR_MARBEC,Rhizostoma pulmo,RPU-FBA-1.08,,8,ephyrules,5.0,5,standard,,Suivi_2025.xlsx,UMR_MARBEC,12,13,False,RPU,RPU-FBA-1,1,FBA,08
2025,UMR_MARBEC,Rhizostoma pulmo,RPU-FBA-1.08,,9,ephyrules,3,3,standard,,Suivi_2025.xlsx,UMR_MARBEC,12,14,False,RPU,RPU-FBA-1,1,FBA,08
2025,UMR_MARBEC,Rhizostoma pulmo,RPU-FBA-1.08,,10,ephyrules,0,0,standard,,Suivi_2025.xlsx,UMR_MARBEC,12,15,False,RPU,RPU-FBA-1,1,FBA,08
2025,UMR_MARBEC,Rhizostoma pulmo,RPU-FBA-1.08,,11,ephyrules,2.0,2,standard,,Suivi_2025.xlsx,UMR_MARBEC,12,16,False,RPU,RPU-FBA-1,1,FBA,08
2025,UMR_MARBEC,Rhizostoma pulmo,RPU-FBA-1.08,,12,ephyrules,4.0,4,standard,,Suivi_2025.xlsx,UMR_MARBEC,12,17,False,RPU,RPU-FBA-1,1,FBA,08
2025,UMR_MARBEC,Rhizostoma pulmo,RPU-FBA-1.08,,13,ephyrules,5.0,5,standard,,Suivi_2025.xlsx,UMR_MARBEC,12,18,False,RPU,RPU-FBA-1,1,FBA,08
2025,UMR_MARBEC,Rhizostoma pulmo,RPU-FBA-1.08,,14,ephyrules,1,1,standard,,Suivi_2025.xlsx,UMR_MARBEC,12,19,False,RPU,RPU-FBA-1,1,FBA,08
2025,UMR_MARBEC,Rhizostoma pulmo,RPU-FBA-1.08,,15,ephyrules,3.0,3,standard,,Suivi_2025.xlsx,UMR_MARBEC,12,20,False,RPU,RPU-FBA-1,1,FBA,08
2025,UMR_MARBEC,Rhizostoma pulmo,RPU-FBA-1.08,,16,ephyrules,3.0,3,standard,,Suivi_2025.xlsx,UMR_MARBEC,12,21,False,RPU,RPU-FBA-1,1,FBA,08
2025,UMR_MARBEC,Rhizostoma pulmo,RPU-FBA-1.08,,17,ephyrules,0.0,0,standard,,Suivi_2025.xlsx,UMR_MARBEC,12,22,False,RPU,RPU-FBA-1,1,FBA,08
2025,UMR_MARBEC,Rhizostoma pulmo,RPU-FBA-1.08,,18,ephyrules,0,0,standard,,Suivi_2025.xlsx,UMR_MARBEC,12,23,False,RPU,RPU-FBA-1,1,FBA,08
2025,UMR_MARBEC,Rhizostoma pulmo,RPU-FBA-1.08,,19,ephyrules,0,0,standard,,Suivi_2025.xlsx,UMR_MARBEC,12,24,False,RPU,RPU-FBA-1,1,FBA,08
2025,UMR_MARBEC,Rhizostoma pulmo,RPU-FBA-1.08,,20,ephyrules,2.0,2,standard,,Suivi_2025.xlsx,UMR_MARBEC,12,25,False,RPU,RPU-FBA-1,1,FBA,08
2025,UMR_MARBEC,Rhizostoma pulmo,RPU-FBA-1.08,,21,ephyrules,2.0,2,standard,,Suivi_2025.xlsx,UMR_MARBEC,12,26,False,RPU,RPU-FBA-1,1,FBA,08
2025,UMR_MARBEC,Rhizostoma pulmo,RPU-FBA-1.08,,22,ephyrules,5.0,5,standard,,Suivi_2025.xlsx,UMR_MARBEC,12,27,False,RPU,RPU-FBA-1,1,FBA,08
2025,UMR_MARBEC,Rhizostoma pulmo,RPU-FBA-1.08,,23,ephyrules,2,2,standard,,Suivi_2025.xlsx,UMR_MARBEC,12,28,False,RPU,RPU-FBA-1,1,FBA,08
2025,UMR_MARBEC,Rhizostoma pulmo,RPU-FBA-1.08,,24,ephyrules,1.0,1,standard,,Suivi_2025.xlsx,UMR_MARBEC,12,29,False,RPU,RPU-FBA-1,1,FBA,08
2025,UMR_MARBEC,Rhizostoma pulmo,RPU-FBA-1.08,,25,ephyrules,17.0,17,standard,,Suivi_2025.xlsx,UMR_MARBEC,12,30,False,RPU,RPU-FBA-1,1,FBA,08
2025,UMR_MARBEC,Rhizostoma pulmo,RPU-FBA-1.08,,26,ephyrules,10.0,10,standard,,Suivi_2025.xlsx,UMR_MARBEC,12,31,False,RPU,RPU-FBA-1,1,FBA,08
2025,UMR_MARBEC,Rhizostoma pulmo,RPU-FBA-1.08,,27,ephyrules,2,2,standard,,Suivi_2025.xlsx,UMR_MARBEC,12,32,False,RPU,RPU-FBA-1,1,FBA,08
2025,UMR_MARBEC,Rhizostoma pulmo,RPU-FBA-1.08,,28,ephyrules,5.0,5,standard,,Suivi_2025.xlsx,UMR_MARBEC,12,33,False,RPU,RPU-FBA-1,1,FBA,08
2025,UMR_MARBEC,Rhizostoma pulmo,RPU-FBA-1.08,,29,ephyrules,4.0,4,standard,,Suivi_2025.xlsx,UMR_MARBEC,12,34,False,RPU,RPU-FBA-1,1,FBA,08
2025,UMR_MARBEC,Rhizostoma pulmo,RPU-FBA-1.08,,30,ephyrules,10.0,10,standard,,Suivi_2025.xlsx,UMR_MARBEC,12,35,False,RPU,RPU-FBA-1,1,FBA,08
2025,UMR_MARBEC,Rhizostoma pulmo,RPU-FBA-1.08,,31,ephyrules,5,5,standard,,Suivi_2025.xlsx,UMR_MARBEC,12,36,False,RPU,RPU-FBA-1,1,FBA,08
2025,UMR_MARBEC,Rhizostoma pulmo,RPU-FBA-1.08,,32,ephyrules,3,3,standard,,Suivi_2025.xlsx,UMR_MARBEC,12,37,False,RPU,RPU-FBA-1,1,FBA,08
2025,UMR_MARBEC,Rhizostoma pulmo,RPU-FBA-1.08,,33,ephyrules,8.0,8,standard,,Suivi_2025.xlsx,UMR_MARBEC,12,38,False,RPU,RPU-FBA-1,1,FBA,08
2025,UMR_MARBEC,Rhizostoma pulmo,RPU-FBA-1.08,,34,ephyrules,13.0,13,standard,,Suivi_2025.xlsx,UMR_MARBEC,12,39,False,RPU,RPU-FBA-1,1,FBA,08
2025,UMR_MARBEC,Rhizostoma pulmo,RPU-FBA-1.08,,35,ephyrules,10.0,10,standard,,Suivi_2025.xlsx,UMR_MARBEC,12,40,False,RPU,RPU-FBA-1,1,FBA,08
2025,UMR_MARBEC,Rhizostoma pulmo,RPU-FBA-1.08,,36,ephyrules,4,4,standard,,Suivi_2025.xlsx,UMR_MARBEC,12,41,False,RPU,RPU-FBA-1,1,FBA,08
